{
  "current": "Default",
  "presets": {
    "Default": {
      "heading_color": "#1c1b1b",
      "text_color": "#1c1b1b",
      "text_light_color": "#6a6a6a",
      "link_color": "#6a6a6a",
      "background": "#efefef",
      "light_background": "#ffffff",
      "product_on_sale_color": "#f94c43",

      "button_background": "#1c1b1b",
      "button_text_color": "#ffffff",
      "button_secondary_background": "transparent",
      "button_secondary_text_color": "#6a6a6a",

      "header_background": "#ffffff",
      "header_heading_color": "#1c1b1b",
      "header_light_color": "#6a6a6a",

      "footer_background": "#ffffff",
      "footer_heading_color": "#1c1b1b",
      "footer_text_color": "#6a6a6a",

      "navigation_background": "#1c1b1b",
      "navigation_text_color": "#ffffff",

      "others_elements_background": "#1c1b1b",
      "others_elements_text_color": "#ffffff",

      "heading_font": "montserrat_n5",
      "heading_size": "small",
      "heading_scale": 100,
      "uppercase_heading": true,

      "text_font": "nunito_sans_n4",
      "body_scale": 100,
      "base_text_font_size": 14,

      "search_mode": "product,article",

      "product_show_price_on_hover": false,
      "product_show_secondary_image": true,

      "cart_type": "drawer",
      "cart_enable_notes": true,
      "cart_show_free_shipping_threshold": true,
      "cart_free_shipping_threshold": "50",

      "social_facebook": "#",
      "social_twitter": "#",
      "social_pinterest": "#",
      "social_instagram": "#",
      "social_vimeo": "#",
      "social_tumblr": "#",
      "social_youtube": "#",
      "social_tiktok": "#",
      "social_linkedin": "#",
      "social_snapchat": "#",
      "social_fancy": "#",

      "checkout_logo_position": "center",
      "checkout_logo_size": "small",
      "checkout_body_background_color": "#ffffff",
      "checkout_input_background_color_mode": "white",
      "checkout_sidebar_background_color": "#efefef",
      "checkout_accent_color": "#1c1b1b",
      "checkout_button_color": "#1c1b1b",
      "sections": {}
    }
  }
}
