{
  "sections": {
    "cart-items": {
      "type": "main-cart"
    },
    "featured-collections": {
      "type": "featured-collections",
      "blocks": {
        "collection": {
          "type": "collection",
          "settings": {}
        }
      },
      "block_order": ["collection"],
      "settings": {
        "title": ""
      }
    },
    "cart-footer": {
      "type": "main-cart-footer",
      "blocks": {
        "subtotal": {
          "type": "subtotal",
          "settings": {}
        },
        "buttons": {
          "type": "buttons",
          "settings": {}
        }
      },
      "block_order": ["subtotal", "buttons"],
      "settings": {}
    }
  },
  "order": ["cart-items", "cart-footer", "featured-collections"]
}
