{
  "sections": {
    "collection-header": {
      "type": "main-collection-header",
      "settings": {
        "show_collection_description": true,
        "show_collection_image": false,
        "color_scheme": "background-1"
      }
    },
    "product-grid": {
      "type": "main-collection-product-grid",
      "settings": {
        "grid_desktop_items_per_row": 4,
        "grid_items_per_page": 16,
        "grid_mobile_items_per_row": 2,
        "show_color_swatch": true,
        "show_vendor": false,
        "show_sort_by": true,
        "enable_filtering": true,
        "show_layout_switch": true,
        "toolbar_position": "bottom"
      }
    }
  },
  "order": ["collection-header", "product-grid"]
}
