{
  "sections": {
    "main": {
      "type": "main-product",
      "blocks": {
        "vendor": {
          "type": "text",
          "settings": {
            "text": "{{ product.vendor }}",
            "text_style": "uppercase"
          }
        },
        "title": {
          "type": "title",
          "settings": {}
        },
        "caption": {
          "type": "text",
          "settings": {
            "text": "{{ product.metafields.descriptors.subtitle.value }}",
            "text_style": "subtitle"
          }
        },
        "price": {
          "type": "price",
          "settings": {}
        },
        "variant_picker": {
          "type": "variant_picker",
          "settings": {
            "picker_type": "button"
          }
        },
        "quantity_selector": {
          "type": "quantity_selector",
          "settings": {}
        },
        "buy_buttons": {
          "type": "buy_buttons",
          "settings": {
            "show_dynamic_checkout": true
          }
        },
        "description": {
          "type": "description",
          "settings": {}
        },
        "collapsible-row-0": {
          "type": "collapsible_tab",
          "settings": {
            "heading": "Materials",
            "icon": "leather",
            "content": "",
            "page": ""
          }
        },
        "collapsible-row-1": {
          "type": "collapsible_tab",
          "settings": {
            "heading": "Shipping & Returns",
            "icon": "truck",
            "content": "",
            "page": ""
          }
        },
        "collapsible-row-2": {
          "type": "collapsible_tab",
          "settings": {
            "heading": "Dimensions",
            "icon": "ruler",
            "content": "",
            "page": ""
          }
        },
        "collapsible-row-3": {
          "type": "collapsible_tab",
          "settings": {
            "heading": "Care Instructions",
            "icon": "heart",
            "content": "",
            "page": ""
          }
        },
        "share": {
          "type": "share",
          "settings": {
            "share_label": "Share"
          }
        }
      },
      "block_order": [
        "vendor",
        "title",
        "caption",
        "price",
        "variant_picker",
        "quantity_selector",
        "buy_buttons",
        "description",
        "collapsible-row-0",
        "collapsible-row-1",
        "collapsible-row-2",
        "collapsible-row-3",
        "share"
      ],
      "settings": {}
    },
    "multicolumn": {
      "type": "multicolumn",
      "blocks": {
        "column-0": {
          "type": "column",
          "settings": {
            "title": "Free Shipping",
            "text": "<p>Pair text with an image to focus on your chosen product, collection, or blog post. Add details on availability, style, or even provide a review.</p>",
            "link_label": "",
            "link": ""
          }
        },
        "column-1": {
          "type": "column",
          "settings": {
            "title": "Hassle-Free Exchanges",
            "text": "<p>Pair text with an image to focus on your chosen product, collection, or blog post. Add details on availability, style, or even provide a review.</p>",
            "link_label": "",
            "link": ""
          }
        }
      },
      "block_order": ["column-0", "column-1"],
      "settings": {
        "title": "",
        "columns_desktop": 2,
        "column_alignment": "left",
        "button_label": "",
        "button_link": "",
        "columns_mobile": "2",
        "padding_top": 36,
        "padding_bottom": 36
      }
    }
  },
  "order": ["main", "multicolumn"]
}
